{
  "isDev": false,
  "prod": {
    "token": "MTIwNjMzOTIyMzgwODkwOTM0Mg.GgR_CB.ZGlLeJigs-KxUZB6nGuVOGnHyEmWBKSqJKiPrE",
    "botOwner": "1075328339587375156",

    "taskChannel": "1242826166776369202",
    "modTaskChannel": "1242899883053158523",

    "cmdChannel": [
      "1242899883053158523",
      "1242826166776369202",
      "1241712423157764096",
      "1241712458645901384"
    ]
  },
  "dev": {
    "token": "ODg0NDQwNDk5Mjg3NjI5ODg0.GtkW6i.OkOHyHspWHlOFJoFft1ZSx5r77orsXqlwjyUHA",
    "botOwner": "586822327568695317",

    "taskChannel": "1241853620710932600",
    "modTaskChannel": "1241853620710932600",

    "cmdChannel": [
      "1241853620710932600",
      "1241853620710932600",
      "1241853620710932600",
      "1241853620710932600"
    ]
  },
  "mongoDB": "mongodb+srv://root:rootUser@cluster0.38obcdz.mongodb.net/economy",
  "prefix": "!"
}
